model_id,source_path,baked_path,source_url,creator,license,download_date,attribution_required
cactus_short,source/nature/cactus_short.glb,baked/nature/cactus_short.m3d,https://kenney.nl/assets/nature-kit,Kenney,CC0-1.0,2026-09-24,no
cactus_tall,source/nature/cactus_tall.glb,baked/nature/cactus_tall.m3d,https://kenney.nl/assets/nature-kit,Kenney,CC0-1.0,2026-09-24,no
grass_large,source/nature/grass_large.glb,baked/nature/grass_large.m3d,https://kenney.nl/assets/nature-kit,Kenney,CC0-1.0,2026-09-24,no
plant_bushDetailed,source/nature/plant_bushDetailed.glb,baked/nature/plant_bushDetailed.m3d,https://kenney.nl/assets/nature-kit,Kenney,CC0-1.0,2026-09-24,no
rock_largeA,source/nature/rock_largeA.glb,baked/nature/rock_largeA.m3d,https://kenney.nl/assets/nature-kit,Kenney,CC0-1.0,2026-09-24,no
rock_largeB,source/nature/rock_largeB.glb,baked/nature/rock_largeB.m3d,https://kenney.nl/assets/nature-kit,Kenney,CC0-1.0,2026-09-24,no
rock_smallFlatA,source/nature/rock_smallFlatA.glb,baked/nature/rock_smallFlatA.m3d,https://kenney.nl/assets/nature-kit,Kenney,CC0-1.0,2026-09-24,no
rock_tallA,source/nature/rock_tallA.glb,baked/nature/rock_tallA.m3d,https://kenney.nl/assets/nature-kit,Kenney,CC0-1.0,2026-09-24,no
tree_blocks,source/3dassets/greek-island-village-and-harbour-olive-tree-b7baf3c7.glb,baked/nature/tree_blocks.m3d,https://3dassets.dev/assets/greek-island-village-and-harbour-olive-tree-b7baf3c7,3D Assets,CC0-1.0,2026-09-25,no
tree_default,source/polyhaven/tree_small_02/tree_small_02.gltf,baked/nature/tree_default.m3d,https://polyhaven.com/a/tree_small_02,Rico Cilliers,CC0-1.0,2026-09-25,no
tree_detailed,source/polyhaven/island_tree_03/island_tree_03.gltf,baked/nature/tree_detailed.m3d,https://polyhaven.com/a/island_tree_03,Rob Tuytel; Rico Cilliers,CC0-1.0,2026-09-25,no
tree_fat,source/3dassets/jungle-temple-and-stone-city-buttress-root-tree-44607ba7.glb,baked/nature/tree_fat.m3d,https://3dassets.dev/assets/jungle-temple-and-stone-city-buttress-root-tree-44607ba7,3D Assets,CC0-1.0,2026-09-25,no
tree_oak,source/polyhaven/island_tree_01/island_tree_01.gltf,baked/nature/tree_oak.m3d,https://polyhaven.com/a/island_tree_01,Rob Tuytel; Rico Cilliers,CC0-1.0,2026-09-25,no
tree_simple,source/3dassets/korean-hanok-village-and-street-persimmon-tree-ec7be2f6.glb,baked/nature/tree_simple.m3d,https://3dassets.dev/assets/korean-hanok-village-and-street-persimmon-tree-ec7be2f6,3D Assets,CC0-1.0,2026-09-25,no
tree_tall,source/polyhaven/island_tree_02/island_tree_02.gltf,baked/nature/tree_tall.m3d,https://polyhaven.com/a/island_tree_02,Rob Tuytel; Rico Cilliers,CC0-1.0,2026-09-25,no
tree_thin,source/polyhaven/jacaranda_tree/jacaranda_tree.gltf,baked/nature/tree_thin.m3d,https://polyhaven.com/a/jacaranda_tree,Rob Tuytel; Rico Cilliers,CC0-1.0,2026-09-25,no
tree_cone,source/polyhaven/fir_sapling/fir_sapling.gltf,baked/nature/tree_cone.m3d,https://polyhaven.com/a/fir_sapling,Rob Tuytel; Rico Cilliers,CC0-1.0,2026-09-25,no
tree_pineDefaultA,source/polyhaven/pine_sapling_small/pine_sapling_small.gltf,baked/nature/tree_pineDefaultA.m3d,https://polyhaven.com/a/pine_sapling_small,Rob Tuytel; Rico Cilliers,CC0-1.0,2026-09-25,no
tree_pineDefaultB,source/polyhaven/fir_sapling/fir_sapling.gltf,baked/nature/tree_pineDefaultB.m3d,https://polyhaven.com/a/fir_sapling,Rob Tuytel; Rico Cilliers,CC0-1.0,2026-09-25,no
tree_pineGroundA,source/polyhaven/pine_sapling_small/pine_sapling_small.gltf,baked/nature/tree_pineGroundA.m3d,https://polyhaven.com/a/pine_sapling_small,Rob Tuytel; Rico Cilliers,CC0-1.0,2026-09-25,no
tree_pineGroundB,source/3dassets/alpine-and-arctic-biomes-timberline-tree-4975b730.glb,baked/nature/tree_pineGroundB.m3d,https://3dassets.dev/assets/alpine-and-arctic-biomes-timberline-tree-4975b730,3D Assets,CC0-1.0,2026-09-25,no
tree_pineRoundA,source/polyhaven/pine_sapling_small/pine_sapling_small.gltf,baked/nature/tree_pineRoundA.m3d,https://polyhaven.com/a/pine_sapling_small,Rob Tuytel; Rico Cilliers,CC0-1.0,2026-09-25,no
tree_pineRoundB,source/polyhaven/pine_sapling_small/pine_sapling_small.gltf,baked/nature/tree_pineRoundB.m3d,https://polyhaven.com/a/pine_sapling_small,Rob Tuytel; Rico Cilliers,CC0-1.0,2026-09-25,no
tree_pineRoundC,source/polyhaven/pine_sapling_small/pine_sapling_small.gltf,baked/nature/tree_pineRoundC.m3d,https://polyhaven.com/a/pine_sapling_small,Rob Tuytel; Rico Cilliers,CC0-1.0,2026-09-25,no
tree_pineRoundD,source/polyhaven/pine_sapling_small/pine_sapling_small.gltf,baked/nature/tree_pineRoundD.m3d,https://polyhaven.com/a/pine_sapling_small,Rob Tuytel; Rico Cilliers,CC0-1.0,2026-09-25,no
tree_pineSmallA,source/polyhaven/pine_sapling_small/pine_sapling_small.gltf,baked/nature/tree_pineSmallA.m3d,https://polyhaven.com/a/pine_sapling_small,Rob Tuytel; Rico Cilliers,CC0-1.0,2026-09-25,no
tree_pineSmallB,source/polyhaven/pine_sapling_small/pine_sapling_small.gltf,baked/nature/tree_pineSmallB.m3d,https://polyhaven.com/a/pine_sapling_small,Rob Tuytel; Rico Cilliers,CC0-1.0,2026-09-25,no
tree_pineTallA,source/polyhaven/pine_sapling_small/pine_sapling_small.gltf,baked/nature/tree_pineTallA.m3d,https://polyhaven.com/a/pine_sapling_small,Rob Tuytel; Rico Cilliers,CC0-1.0,2026-09-25,no
tree_pineTallB,source/polyhaven/pine_sapling_small/pine_sapling_small.gltf,baked/nature/tree_pineTallB.m3d,https://polyhaven.com/a/pine_sapling_small,Rob Tuytel; Rico Cilliers,CC0-1.0,2026-09-25,no
tree_palmDetailedShort,source/3dassets/greek-island-village-and-harbour-fig-tree-15e48fe1.glb,baked/nature/tree_palmDetailedShort.m3d,https://3dassets.dev/assets/greek-island-village-and-harbour-fig-tree-15e48fe1,3D Assets,CC0-1.0,2026-09-25,no
tree_palmDetailedTall,source/3dassets/desert-mosque-and-madrasa-courtyard-date-palm-c311e205.glb,baked/nature/tree_palmDetailedTall.m3d,https://3dassets.dev/assets/desert-mosque-and-madrasa-courtyard-date-palm-c311e205,3D Assets,CC0-1.0,2026-09-25,no
tree_palmShort,source/3dassets/jungle-temple-and-stone-city-palm-sapling-6702b25c.glb,baked/nature/tree_palmShort.m3d,https://3dassets.dev/assets/jungle-temple-and-stone-city-palm-sapling-6702b25c,3D Assets,CC0-1.0,2026-09-25,no
tree_palmTall,source/3dassets/jungle-temple-and-stone-city-jungle-canopy-tree-6e668f41.glb,baked/nature/tree_palmTall.m3d,https://3dassets.dev/assets/jungle-temple-and-stone-city-jungle-canopy-tree-6e668f41,3D Assets,CC0-1.0,2026-09-25,no
tree_palm,source/polyhaven/quiver_tree_01/quiver_tree_01.gltf,baked/nature/tree_palm.m3d,https://polyhaven.com/a/quiver_tree_01,James Ray Cock; Dario Barresi; Rico Cilliers,CC0-1.0,2026-09-25,no
tree_palmBend,source/polyhaven/quiver_tree_02/quiver_tree_02.gltf,baked/nature/tree_palmBend.m3d,https://polyhaven.com/a/quiver_tree_02,Dario Barresi; Rico Cilliers,CC0-1.0,2026-09-25,no
tree_plateau,source/3dassets/exotic-wildlife-hd-umbrella-acacia-850a62bb.glb,baked/nature/tree_plateau.m3d,https://3dassets.dev/assets/exotic-wildlife-hd-umbrella-acacia-850a62bb,3D Assets,CC0-1.0,2026-09-25,no
tree_small,source/3dassets/exotic-wildlife-hd-baobab-tree-fb196805.glb,baked/nature/tree_small.m3d,https://3dassets.dev/assets/exotic-wildlife-hd-baobab-tree-fb196805,3D Assets,CC0-1.0,2026-09-25,no
tree_urbanCherry,source/3dassets/japanese-school-and-city-street-cherry-tree-blossom-618a9f6d.glb,baked/nature/tree_urbanCherry.m3d,https://3dassets.dev/assets/japanese-school-and-city-street-cherry-tree-blossom-618a9f6d,3D Assets,CC0-1.0,2026-09-25,no
bush_00,source/polyhaven/shrub_01/shrub_01.gltf,baked/nature/bush_00.m3d,https://polyhaven.com/a/shrub_01,Poly Haven,CC0-1.0,2026-09-25,no
bush_01,source/polyhaven/shrub_02/shrub_02.gltf,baked/nature/bush_01.m3d,https://polyhaven.com/a/shrub_02,Poly Haven,CC0-1.0,2026-09-25,no
bush_02,source/polyhaven/shrub_03/shrub_03.gltf,baked/nature/bush_02.m3d,https://polyhaven.com/a/shrub_03,Poly Haven,CC0-1.0,2026-09-25,no
bush_03,source/polyhaven/shrub_04/shrub_04.gltf,baked/nature/bush_03.m3d,https://polyhaven.com/a/shrub_04,Poly Haven,CC0-1.0,2026-09-25,no
bush_04,source/polyhaven/shrub_sorrel_01/shrub_sorrel_01.gltf,baked/nature/bush_04.m3d,https://polyhaven.com/a/shrub_sorrel_01,Poly Haven,CC0-1.0,2026-09-25,no
bush_05,source/polyhaven/wild_rooibos_bush/wild_rooibos_bush.gltf,baked/nature/bush_05.m3d,https://polyhaven.com/a/wild_rooibos_bush,Poly Haven,CC0-1.0,2026-09-25,no
bush_06,source/polyhaven/fern_02/fern_02.gltf,baked/nature/bush_06.m3d,https://polyhaven.com/a/fern_02,Poly Haven,CC0-1.0,2026-09-25,no
bush_07,source/polyhaven/nettle_plant/nettle_plant.gltf,baked/nature/bush_07.m3d,https://polyhaven.com/a/nettle_plant,Poly Haven,CC0-1.0,2026-09-25,no
bush_08,source/polyhaven/periwinkle_plant/periwinkle_plant.gltf,baked/nature/bush_08.m3d,https://polyhaven.com/a/periwinkle_plant,Poly Haven,CC0-1.0,2026-09-25,no
bush_09,source/polyhaven/weed_plant_02/weed_plant_02.gltf,baked/nature/bush_09.m3d,https://polyhaven.com/a/weed_plant_02,Poly Haven,CC0-1.0,2026-09-25,no
bush_10,source/polyhaven/crystalline_iceplant/crystalline_iceplant.gltf,baked/nature/bush_10.m3d,https://polyhaven.com/a/crystalline_iceplant,Poly Haven,CC0-1.0,2026-09-25,no
bush_11,source/polyhaven/shrub_01/shrub_01.gltf,baked/nature/bush_11.m3d,https://polyhaven.com/a/shrub_01,Poly Haven,CC0-1.0,2026-09-25,no
bush_12,source/polyhaven/shrub_02/shrub_02.gltf,baked/nature/bush_12.m3d,https://polyhaven.com/a/shrub_02,Poly Haven,CC0-1.0,2026-09-25,no
bush_13,source/polyhaven/shrub_03/shrub_03.gltf,baked/nature/bush_13.m3d,https://polyhaven.com/a/shrub_03,Poly Haven,CC0-1.0,2026-09-25,no
bush_14,source/polyhaven/shrub_04/shrub_04.gltf,baked/nature/bush_14.m3d,https://polyhaven.com/a/shrub_04,Poly Haven,CC0-1.0,2026-09-25,no
bush_15,source/polyhaven/shrub_sorrel_01/shrub_sorrel_01.gltf,baked/nature/bush_15.m3d,https://polyhaven.com/a/shrub_sorrel_01,Poly Haven,CC0-1.0,2026-09-25,no
bush_16,source/polyhaven/wild_rooibos_bush/wild_rooibos_bush.gltf,baked/nature/bush_16.m3d,https://polyhaven.com/a/wild_rooibos_bush,Poly Haven,CC0-1.0,2026-09-25,no
bush_17,source/polyhaven/fern_02/fern_02.gltf,baked/nature/bush_17.m3d,https://polyhaven.com/a/fern_02,Poly Haven,CC0-1.0,2026-09-25,no
bush_18,source/polyhaven/nettle_plant/nettle_plant.gltf,baked/nature/bush_18.m3d,https://polyhaven.com/a/nettle_plant,Poly Haven,CC0-1.0,2026-09-25,no
bush_19,source/polyhaven/periwinkle_plant/periwinkle_plant.gltf,baked/nature/bush_19.m3d,https://polyhaven.com/a/periwinkle_plant,Poly Haven,CC0-1.0,2026-09-25,no
bush_20,source/polyhaven/weed_plant_02/weed_plant_02.gltf,baked/nature/bush_20.m3d,https://polyhaven.com/a/weed_plant_02,Poly Haven,CC0-1.0,2026-09-25,no
bush_21,source/polyhaven/crystalline_iceplant/crystalline_iceplant.gltf,baked/nature/bush_21.m3d,https://polyhaven.com/a/crystalline_iceplant,Poly Haven,CC0-1.0,2026-09-25,no
bush_22,source/polyhaven/shrub_01/shrub_01.gltf,baked/nature/bush_22.m3d,https://polyhaven.com/a/shrub_01,Poly Haven,CC0-1.0,2026-09-25,no
bush_23,source/polyhaven/shrub_02/shrub_02.gltf,baked/nature/bush_23.m3d,https://polyhaven.com/a/shrub_02,Poly Haven,CC0-1.0,2026-09-25,no
bush_24,source/polyhaven/shrub_03/shrub_03.gltf,baked/nature/bush_24.m3d,https://polyhaven.com/a/shrub_03,Poly Haven,CC0-1.0,2026-09-25,no
bush_25,source/polyhaven/shrub_04/shrub_04.gltf,baked/nature/bush_25.m3d,https://polyhaven.com/a/shrub_04,Poly Haven,CC0-1.0,2026-09-25,no
bush_26,source/polyhaven/shrub_sorrel_01/shrub_sorrel_01.gltf,baked/nature/bush_26.m3d,https://polyhaven.com/a/shrub_sorrel_01,Poly Haven,CC0-1.0,2026-09-25,no
bush_27,source/polyhaven/wild_rooibos_bush/wild_rooibos_bush.gltf,baked/nature/bush_27.m3d,https://polyhaven.com/a/wild_rooibos_bush,Poly Haven,CC0-1.0,2026-09-25,no
bush_28,source/polyhaven/fern_02/fern_02.gltf,baked/nature/bush_28.m3d,https://polyhaven.com/a/fern_02,Poly Haven,CC0-1.0,2026-09-25,no
bush_29,source/polyhaven/nettle_plant/nettle_plant.gltf,baked/nature/bush_29.m3d,https://polyhaven.com/a/nettle_plant,Poly Haven,CC0-1.0,2026-09-25,no
bush_30,source/polyhaven/periwinkle_plant/periwinkle_plant.gltf,baked/nature/bush_30.m3d,https://polyhaven.com/a/periwinkle_plant,Poly Haven,CC0-1.0,2026-09-25,no
bush_31,source/polyhaven/weed_plant_02/weed_plant_02.gltf,baked/nature/bush_31.m3d,https://polyhaven.com/a/weed_plant_02,Poly Haven,CC0-1.0,2026-09-25,no
bush_32,source/polyhaven/crystalline_iceplant/crystalline_iceplant.gltf,baked/nature/bush_32.m3d,https://polyhaven.com/a/crystalline_iceplant,Poly Haven,CC0-1.0,2026-09-25,no
bush_33,source/polyhaven/shrub_01/shrub_01.gltf,baked/nature/bush_33.m3d,https://polyhaven.com/a/shrub_01,Poly Haven,CC0-1.0,2026-09-25,no
bush_34,source/polyhaven/shrub_02/shrub_02.gltf,baked/nature/bush_34.m3d,https://polyhaven.com/a/shrub_02,Poly Haven,CC0-1.0,2026-09-25,no
bush_35,source/polyhaven/shrub_03/shrub_03.gltf,baked/nature/bush_35.m3d,https://polyhaven.com/a/shrub_03,Poly Haven,CC0-1.0,2026-09-25,no
