"View","Image","SHA256"
"chalk.world","chalk.world.png","5E70E82B6B79C4631BBFF086CD9AEF83BCC5E1F8716A4B04F383E6FFEA19A797"
"mudstone.world","mudstone.world.png","6F614D35F5C91BC25612C975281D13D198C8F8B565A950F65A3E2ADCD7D4C60E"
"shale.world","shale.world.png","4669185B69F1BF65C41F456B2DBEC458F91D3095F86E6247BB8DEB1BF82B6F9D"
"tuff.world","tuff.world.png","6FD72A8071E89FDCEFAB3FFF6D5B44A267352DE943E4823B385C519683E77C08"
"pumice.world","pumice.world.png","B2CCED6D7A58CBBBD6EE39385FF3C052C87FB6084CF88071BF46D0F8876DAC49"
"sandstone.world","sandstone.world.png","74F75DE6735628F594E6A11F0B627DBF7444D210B5324118A7D9297DA69F3973"
"limestone.world","limestone.world.png","F1773C135692F179F5502A92844EEDC1BE4952D080A49609BA9057E543DE5500"
"travertine.world","travertine.world.png","1BB13770B00457E1354443A7124DE662CF272E58B0F7A313ABF9130E2B02B285"
"dolostone.world","dolostone.world.png","A2C33B8B474E927304FA767B41C39389366A97B12D861A08D475076E3E75D8D9"
"conglomerate.world","conglomerate.world.png","E75F91EECBF5B74B6B2B5C0C0F7722ACE866351C8AA8787F0754186D5C0F1E80"
"slate.world","slate.world.png","3A570B2BB53EE2BC4F5ADFD9A993A97C562D06B5FC8B1D213D1E92C41DBAC99B"
"marble.world","marble.world.png","C14654D9F27F48B1ABED8907731314E93EDBB783DEE450EFA8ACAD4A6B62166D"
"schist.world","schist.world.png","CB5FEECEE27889B724CF0A80B75DC64B7A5BC8AC3A1282EC05E85C0D3B18BA05"
"gneiss.world","gneiss.world.png","8C61F5E4C83A7C6E25801F6A348BC3BDAC69AF818BCA77BFC75B4032B397BCA5"
"andesite.world","andesite.world.png","BBF127FC6584AC9A32D7866E31C0D1E931940203E3F01FED3A6E7EECA24FD1CE"
"granite.world","granite.world.png","101EB527454E7BE102D755C58440BC38C98CB66703A8DB37C0AFF0533B287C9B"
"diorite.world","diorite.world.png","E2DC2A5B5A4E52CD525458970E67ACEBC8CE00C6AD00ACA1FDBDE4F28F2E433B"
"gabbro.world","gabbro.world.png","BE90712378A67646E984FE04CF7C72F1297AA721FBBE42014B36C7E51EFC9520"
"basalt.world","basalt.world.png","1CE954DBF65C9768ED1E00D004BED17D488D0330DDD9E33B69695BF37D909AF2"
"quartzite.world","quartzite.world.png","22AA3CC00F76F30E8ACE802B25D3D5CDD1D8AEC415FE2DEEA94DBB219C695710"
"gallery","gallery.png","BFD837A41C9A671681A03E21BF515302E205E76BF80845B76B5EF427FFCB5C9C"
"normal","normal.png","77CD9479A53819B61BE439090347826AED37217A610440D72E18F40A4657A834"
"restored","restored.png","A2968190E76DDBA9106DA5AE1EF4A3479DA2D17ACD4DBEDBB45482ABBE1BC62F"
