view	file
chalk.world	chalk.world.png
mudstone.world	mudstone.world.png
shale.world	shale.world.png
tuff.world	tuff.world.png
pumice.world	pumice.world.png
sandstone.world	sandstone.world.png
limestone.world	limestone.world.png
travertine.world	travertine.world.png
dolostone.world	dolostone.world.png
conglomerate.world	conglomerate.world.png
slate.world	slate.world.png
marble.world	marble.world.png
schist.world	schist.world.png
gneiss.world	gneiss.world.png
andesite.world	andesite.world.png
granite.world	granite.world.png
diorite.world	diorite.world.png
gabbro.world	gabbro.world.png
basalt.world	basalt.world.png
quartzite.world	quartzite.world.png
gallery	gallery.png
normal	normal.png
restored	restored.png
