"Item","Changed"
"chalk","sha256,texture_sha256,icon_sha256,source_sha256"
"mudstone","sha256,texture_sha256,icon_sha256,source_sha256"
"shale","sha256,texture_sha256,icon_sha256,source_sha256"
"tuff","sha256,texture_sha256,icon_sha256,source_sha256"
"pumice","sha256,texture_sha256,icon_sha256,source_sha256"
"sandstone","sha256,texture_sha256,icon_sha256,source_sha256"
"limestone","sha256,texture_sha256,icon_sha256,source_sha256"
"travertine","sha256,texture_sha256,icon_sha256,source_sha256"
"dolostone","sha256,texture_sha256,icon_sha256,source_sha256"
"conglomerate","sha256,texture_sha256,icon_sha256,source_sha256"
"slate","sha256,texture_sha256,icon_sha256,source_sha256"
"marble","sha256,texture_sha256,icon_sha256,source_sha256"
"schist","sha256,texture_sha256,icon_sha256,source_sha256"
"gneiss","sha256,texture_sha256,icon_sha256,source_sha256"
"andesite","sha256,texture_sha256,icon_sha256,source_sha256"
"granite","sha256,texture_sha256,icon_sha256,source_sha256"
"diorite","sha256,texture_sha256,icon_sha256,source_sha256"
"gabbro","sha256,texture_sha256,icon_sha256,source_sha256"
"basalt","sha256,texture_sha256,icon_sha256,source_sha256"
"quartzite","sha256,texture_sha256,icon_sha256,source_sha256"
