item	hp	elapsed	expected	frames	durability	image
chalk	40	0.166667	0.166667	20	249	chalk.world.png
mudstone	50	0.208333	0.208333	25	249	mudstone.world.png
shale	60	0.25	0.25	30	249	shale.world.png
tuff	70	0.291667	0.291667	35	249	tuff.world.png
pumice	80	0.341667	0.333333	41	249	pumice.world.png
sandstone	90	0.375	0.375	45	249	sandstone.world.png
limestone	100	0.425	0.416667	51	249	limestone.world.png
travertine	110	0.466667	0.458333	56	249	travertine.world.png
dolostone	120	0.508333	0.5	61	249	dolostone.world.png
conglomerate	130	0.541667	0.541667	65	249	conglomerate.world.png
slate	140	0.583333	0.583333	70	249	slate.world.png
marble	150	0.633333	0.625	76	249	marble.world.png
schist	165	0.691667	0.6875	83	249	schist.world.png
gneiss	180	0.75	0.75	90	249	gneiss.world.png
andesite	195	0.816667	0.8125	98	249	andesite.world.png
granite	210	0.875	0.875	105	249	granite.world.png
diorite	225	0.941667	0.9375	113	249	diorite.world.png
gabbro	240	1.00833	1	121	249	gabbro.world.png
basalt	255	1.06667	1.0625	128	249	basalt.world.png
quartzite	280	1.175	1.16667	141	249	quartzite.world.png
