item,hp,blast_resistance,model_path,model_sha256,texture_path,texture_sha256,icon_path,icon_sha256,source_path,source_sha256
chalk,40,60.0,assets\models\baked\builder\chalk.m3d,d7fda40058d52f3eba96ec0da248836c4f4e8b23e172e9344e33b0e551a6e713,assets\models\baked\builder\chalk.png,74faf5601e12a6cc6ef2507680178c23c04054686f8500d678503027b24007b6,assets\models\baked\builder\chalk.icon.png,21a48c09743a4b9487a48bb7277c0f1473aa1e4e292c29bed7f3f0a36de0fa71,assets\models\source\builder\chalk.obj,e79b12799360398cd6a72cbf54ff2ba1788e3049af99e6d8a5c08418d36762d5
mudstone,50,75.0,assets\models\baked\builder\mudstone.m3d,d7fda40058d52f3eba96ec0da248836c4f4e8b23e172e9344e33b0e551a6e713,assets\models\baked\builder\mudstone.png,d207fb1db75f9f36b8e88a44676754f0cabc78d56fe60aca41f11e8c97803105,assets\models\baked\builder\mudstone.icon.png,d98a76d1cbf55c484589eeed9ddce2048b0f790cdb8c8ed19414a2bf6d226145,assets\models\source\builder\mudstone.obj,e79b12799360398cd6a72cbf54ff2ba1788e3049af99e6d8a5c08418d36762d5
shale,60,90.0,assets\models\baked\builder\shale.m3d,d7fda40058d52f3eba96ec0da248836c4f4e8b23e172e9344e33b0e551a6e713,assets\models\baked\builder\shale.png,9a964dfd72e9df1dd74117587158c5da23b21ca40f1e4719ca18a06dd78d4711,assets\models\baked\builder\shale.icon.png,d9a7b2cc489c6af399969e6a93830c88ea7e4193a11b0136f8ab436c47d680cd,assets\models\source\builder\shale.obj,e79b12799360398cd6a72cbf54ff2ba1788e3049af99e6d8a5c08418d36762d5
tuff,70,105.0,assets\models\baked\builder\tuff.m3d,d7fda40058d52f3eba96ec0da248836c4f4e8b23e172e9344e33b0e551a6e713,assets\models\baked\builder\tuff.png,6abfaa825a929493f908ae4c5d3d467980579b1393d7c8f03886137e3407fcc1,assets\models\baked\builder\tuff.icon.png,8f6ada372b62e63005c5f0d8f88a001593018cfeeda920c2d69517593f12189c,assets\models\source\builder\tuff.obj,e79b12799360398cd6a72cbf54ff2ba1788e3049af99e6d8a5c08418d36762d5
pumice,80,120.0,assets\models\baked\builder\pumice.m3d,d7fda40058d52f3eba96ec0da248836c4f4e8b23e172e9344e33b0e551a6e713,assets\models\baked\builder\pumice.png,3d84aa5e25d67ef638bb877499f2d66d9cbcf2ada479fa6eb9058ef12fee64b7,assets\models\baked\builder\pumice.icon.png,470aa656597e81a6a9bbef375cb4dd978c0347b1de21f99ec94505a3bab5913f,assets\models\source\builder\pumice.obj,e79b12799360398cd6a72cbf54ff2ba1788e3049af99e6d8a5c08418d36762d5
sandstone,90,135.0,assets\models\baked\builder\sandstone.m3d,d7fda40058d52f3eba96ec0da248836c4f4e8b23e172e9344e33b0e551a6e713,assets\models\baked\builder\sandstone.png,9405758bb6064da527b4dbf71b1861e0d1bdd0b1f63acca0e24da244efeeb4a6,assets\models\baked\builder\sandstone.icon.png,4a97e270b0a632153b3a1091b47296eccbe39d59f78a69c4e63747c0fa9ac4a2,assets\models\source\builder\sandstone.obj,e79b12799360398cd6a72cbf54ff2ba1788e3049af99e6d8a5c08418d36762d5
limestone,100,150.0,assets\models\baked\builder\limestone.m3d,d7fda40058d52f3eba96ec0da248836c4f4e8b23e172e9344e33b0e551a6e713,assets\models\baked\builder\limestone.png,85a72cdeaf8ff8bb2dc057fb5e62c7bb1997e75e6bf0a555e93bfd12498a1cd4,assets\models\baked\builder\limestone.icon.png,7787b06bb19ade4adc8437f7ed25618cc6066d9dffbfa6f72d8f0c09869bca82,assets\models\source\builder\limestone.obj,e79b12799360398cd6a72cbf54ff2ba1788e3049af99e6d8a5c08418d36762d5
travertine,110,165.0,assets\models\baked\builder\travertine.m3d,d7fda40058d52f3eba96ec0da248836c4f4e8b23e172e9344e33b0e551a6e713,assets\models\baked\builder\travertine.png,8e7775b726008b514ed9356049c1a40111903827dac2b4812996426df475f02f,assets\models\baked\builder\travertine.icon.png,c93e98bf5a21069d1aa1ac3f850d4082c152706e51f380ba7073ae1582a6c82a,assets\models\source\builder\travertine.obj,e79b12799360398cd6a72cbf54ff2ba1788e3049af99e6d8a5c08418d36762d5
dolostone,120,180.0,assets\models\baked\builder\dolostone.m3d,d7fda40058d52f3eba96ec0da248836c4f4e8b23e172e9344e33b0e551a6e713,assets\models\baked\builder\dolostone.png,9478f2f54bfa63af6ad1ab75dcbf2b5fb24566c606dff5759b0b358578afe7d3,assets\models\baked\builder\dolostone.icon.png,e8599c28ef0190e7629275e06f9d1c19311d807aab72a6bd694f8e83e9e1d5eb,assets\models\source\builder\dolostone.obj,e79b12799360398cd6a72cbf54ff2ba1788e3049af99e6d8a5c08418d36762d5
conglomerate,130,195.0,assets\models\baked\builder\conglomerate.m3d,d7fda40058d52f3eba96ec0da248836c4f4e8b23e172e9344e33b0e551a6e713,assets\models\baked\builder\conglomerate.png,337b658f8b48395fb34c124f567dfed2732c615475d82ee11a16ac5c09587790,assets\models\baked\builder\conglomerate.icon.png,c78583bad5a2259f156b95ff54563478e320f3c206ce90ae7c147c84f84063b0,assets\models\source\builder\conglomerate.obj,e79b12799360398cd6a72cbf54ff2ba1788e3049af99e6d8a5c08418d36762d5
slate,140,210.0,assets\models\baked\builder\slate.m3d,d7fda40058d52f3eba96ec0da248836c4f4e8b23e172e9344e33b0e551a6e713,assets\models\baked\builder\slate.png,40820a4b8dc710bb14a103e35084211ba26ea128d00ecdd24b0e14e6ded8ddbe,assets\models\baked\builder\slate.icon.png,f8d229e36ab9ec0c8125414f089414530323d1312a933c2705c3ade659709a4e,assets\models\source\builder\slate.obj,e79b12799360398cd6a72cbf54ff2ba1788e3049af99e6d8a5c08418d36762d5
marble,150,225.0,assets\models\baked\builder\marble.m3d,d7fda40058d52f3eba96ec0da248836c4f4e8b23e172e9344e33b0e551a6e713,assets\models\baked\builder\marble.png,0d0c5a8e868382afe792686f8da533c5a5fc1e6683a8b6315f0d25f1dcd162fd,assets\models\baked\builder\marble.icon.png,bd4ae89679cdb8ac47bd0aa5b072935cb7ec83545496e67a7edc6a2564edc9ae,assets\models\source\builder\marble.obj,e79b12799360398cd6a72cbf54ff2ba1788e3049af99e6d8a5c08418d36762d5
schist,165,247.5,assets\models\baked\builder\schist.m3d,d7fda40058d52f3eba96ec0da248836c4f4e8b23e172e9344e33b0e551a6e713,assets\models\baked\builder\schist.png,e77441eef8c6637d05393498acf46d8b739d639de6614616a9e8e8f1f21e3b62,assets\models\baked\builder\schist.icon.png,5bfe252ed6ecdc7e2d4f812b841536a31b0ecb64a8865152dabdfe52675cf70a,assets\models\source\builder\schist.obj,e79b12799360398cd6a72cbf54ff2ba1788e3049af99e6d8a5c08418d36762d5
gneiss,180,270.0,assets\models\baked\builder\gneiss.m3d,d7fda40058d52f3eba96ec0da248836c4f4e8b23e172e9344e33b0e551a6e713,assets\models\baked\builder\gneiss.png,2fc36c383e7db3b54a1cb15c19cc465a10831b7fc772f500cbbebd0125f66e18,assets\models\baked\builder\gneiss.icon.png,8e0ea90f44feaebd47d3cdd6f1d1c31d0b6e93b9a36922196f4bc63f470be77c,assets\models\source\builder\gneiss.obj,e79b12799360398cd6a72cbf54ff2ba1788e3049af99e6d8a5c08418d36762d5
andesite,195,292.5,assets\models\baked\builder\andesite.m3d,d7fda40058d52f3eba96ec0da248836c4f4e8b23e172e9344e33b0e551a6e713,assets\models\baked\builder\andesite.png,5c5967422aace90fcf2e568400b303cdfeedb3eaf36807c1b9f810c03e81f3ba,assets\models\baked\builder\andesite.icon.png,303db68e870c6545116fee66026f1acd0fb5dab01c48f08bce6a91b043fe6913,assets\models\source\builder\andesite.obj,e79b12799360398cd6a72cbf54ff2ba1788e3049af99e6d8a5c08418d36762d5
granite,210,315.0,assets\models\baked\builder\granite.m3d,d7fda40058d52f3eba96ec0da248836c4f4e8b23e172e9344e33b0e551a6e713,assets\models\baked\builder\granite.png,041b06e5f28cb7fd0ea7b4d304315e6775d4e0bc457f53b5aca37a7179f97cb6,assets\models\baked\builder\granite.icon.png,c33124fe250cab3e7548bb46c84708d2948ce058f72d070b3e282de2df79be63,assets\models\source\builder\granite.obj,e79b12799360398cd6a72cbf54ff2ba1788e3049af99e6d8a5c08418d36762d5
diorite,225,337.5,assets\models\baked\builder\diorite.m3d,d7fda40058d52f3eba96ec0da248836c4f4e8b23e172e9344e33b0e551a6e713,assets\models\baked\builder\diorite.png,583a585f5d15ab287143d590e4a235cf7b5c7805af65f524b01f6b527448835f,assets\models\baked\builder\diorite.icon.png,21a6af7fcac6b731c1a4d1a4aa5fa3f6e588cacf64abd856809877329d180bdf,assets\models\source\builder\diorite.obj,e79b12799360398cd6a72cbf54ff2ba1788e3049af99e6d8a5c08418d36762d5
gabbro,240,360.0,assets\models\baked\builder\gabbro.m3d,d7fda40058d52f3eba96ec0da248836c4f4e8b23e172e9344e33b0e551a6e713,assets\models\baked\builder\gabbro.png,2e0828a0898fce0da08cdff43c22d1bac77c342f8848c3475a950a198e04be80,assets\models\baked\builder\gabbro.icon.png,57b12536830a4f79862a380256f3192704a4122cd3bfc63c42d76cc25243b3d5,assets\models\source\builder\gabbro.obj,e79b12799360398cd6a72cbf54ff2ba1788e3049af99e6d8a5c08418d36762d5
basalt,255,382.5,assets\models\baked\builder\basalt.m3d,d7fda40058d52f3eba96ec0da248836c4f4e8b23e172e9344e33b0e551a6e713,assets\models\baked\builder\basalt.png,4d6f84b61a874c2b85e6ad8ac977cf6734ffd5dfa0e4525ced660a50eeed9f4f,assets\models\baked\builder\basalt.icon.png,6e9b61afea548e5adc613b8546a59ba8ff795f4da27fa97b6309bab651a56572,assets\models\source\builder\basalt.obj,e79b12799360398cd6a72cbf54ff2ba1788e3049af99e6d8a5c08418d36762d5
quartzite,280,420.0,assets\models\baked\builder\quartzite.m3d,d7fda40058d52f3eba96ec0da248836c4f4e8b23e172e9344e33b0e551a6e713,assets\models\baked\builder\quartzite.png,1548875fd9f266042b8ff7e56ffab7b25aa1efed24e497c49728b5115ca77397,assets\models\baked\builder\quartzite.icon.png,ee2bad9300b96dcffa1f9ef2edf55ddeb8c029625c23d86512bf7599b9d4587f,assets\models\source\builder\quartzite.obj,e79b12799360398cd6a72cbf54ff2ba1788e3049af99e6d8a5c08418d36762d5
